ad_id,xyzCampId,fbCampId,interest,impr,Clicks,Spent,conv,appConv,totConv,appConVal,conVal,totConVal,CPM,costPerCon,ROAS,gender_F,gender_M,age_30-34,age_35-39,age_40-44,age_45-49
1121091,1178,144531,10,1194718,141,254.049996,28,14,42,1400,140,1540,0.212644319413,6.04880942857,6.06179895394,0,1,1,0,0,0
1121092,1178,144531,10,637648,67,122.4,13,5,18,500,65,565,0.191955436228,6.8,4.6160130719,0,1,1,0,0,0
1121094,1178,144531,10,24362,0,0.0,1,1,2,100,5,105,0.0,0.0,inf,0,1,1,0,0,0
1121095,1178,144531,10,459690,50,86.33000112,5,2,7,200,25,225,0.187800476669,12.3328573029,2.60627820087,0,1,1,0,0,0
1121096,1178,144531,10,750060,86,161.9099991,11,2,13,200,55,255,0.215862729782,12.4546153154,1.57494905452,0,1,1,0,0,0
1121097,1178,144532,15,30068,1,1.820000052,1,0,1,0,5,5,0.0605294682719,1.820000052,2.74725266876,0,1,1,0,0,0
1121098,1178,144532,15,1267550,123,236.7699986,24,10,34,1000,120,1120,0.186793419273,6.96382348824,4.73032903925,0,1,1,0,0,0
1121100,1178,144532,15,3052003,340,639.9499981,60,17,77,1700,300,2000,0.209681968891,8.31103893636,3.12524416898,0,1,1,0,0,0
1121101,1178,144532,15,29945,1,1.590000033,2,1,3,100,10,110,0.0530973462348,0.530000011,69.1823885012,0,1,1,0,0,0
1121102,1178,144532,15,357856,30,52.97000015,7,3,10,300,35,335,0.148020433219,5.297000015,6.32433451107,0,1,1,0,0,0
1121104,1178,144533,16,2080666,202,360.1500015,40,21,61,2100,200,2300,0.173093615938,5.90409838525,6.38622793397,0,1,1,0,0,0
1121105,1178,144533,16,145999,9,16.5200001,5,2,7,200,25,225,0.113151460626,2.36000001429,13.6198546391,0,1,1,0,0,0
1121107,1178,144533,16,32616,1,1.539999962,2,0,2,0,10,10,0.0472160890974,0.769999981,6.49350665374,0,1,1,0,0,0
1121108,1178,144533,16,984521,95,163.8999972,26,14,40,1400,130,1530,0.166476893027,4.09749993,9.33496050115,0,1,1,0,0,0
1121110,1178,144534,18,880814,123,210.3600006,6,2,8,200,30,230,0.238824542525,26.295000075,1.09336375425,0,1,1,0,0,0
1121111,1178,144534,18,182452,20,35.73000026,4,1,5,100,20,120,0.195832329928,7.146000052,3.35852222577,0,1,1,0,0,0
1121113,1178,144534,18,894911,120,215.8399994,7,4,11,400,35,435,0.241185994361,19.6218181273,2.01538176987,0,1,1,0,0,0
1121114,1178,144534,18,31349,2,3.800000072,1,0,1,0,5,5,0.121215990048,3.800000072,1.31578944875,0,1,1,0,0,0
1121115,1178,144535,19,410310,55,96.80000055,3,0,3,0,15,15,0.235919184397,32.26666685,0.154958676806,0,1,1,0,0,0
1121116,1178,144535,19,572450,89,157.329998,7,4,11,400,35,435,0.274836226745,14.3027270909,2.76488912178,0,1,1,0,0,0
1121117,1178,144535,19,98759,15,26.56999946,1,1,2,100,5,105,0.269038765682,13.28499973,3.95182544727,0,1,1,0,0,0
1121119,1178,144535,19,345371,54,93.08999991,7,3,10,300,35,335,0.269536237582,9.308999991,3.59866795922,0,1,1,0,0,0
1121121,1178,144536,20,323899,46,78.9200002,5,1,6,100,25,125,0.243656202088,13.1533333667,1.58388240856,0,1,1,0,0,0
1121122,1178,144536,20,399199,58,103.1500002,3,0,3,0,15,15,0.258392431344,34.3833334,0.145419292011,0,1,1,0,0,0
1121123,1178,144536,20,171202,22,36.53000021,3,1,4,100,15,115,0.213373676768,9.1325000525,3.14809743605,0,1,1,0,0,0
1121124,1178,144536,20,128386,15,28.85000002,2,1,3,100,10,110,0.224712975091,9.61666667333,3.81282495403,0,1,1,0,0,0
1121125,1178,144536,20,1034284,152,257.7099986,20,9,29,900,100,1000,0.249167538703,8.88655167586,3.88033062525,0,1,1,0,0,0
1121126,1178,144536,20,45923,5,7.220000148,2,0,2,0,10,10,0.157219697058,3.610000074,1.38504152286,0,1,1,0,0,0
1121127,1178,144537,21,40873,4,7.899999976,2,1,3,100,10,110,0.193281627872,2.63333332533,13.9240506752,0,1,1,0,0,0
1121128,1178,144537,21,286553,34,62.06000042,2,1,3,100,10,110,0.216574247766,20.6866668067,1.77247823486,0,1,1,0,0,0
1121129,1178,144537,21,20618,1,2.099999905,2,1,3,100,10,110,0.101852745417,0.699999968333,52.3809547506,0,1,1,0,0,0
1121131,1178,144537,21,83591,7,14.14000046,2,2,4,200,10,210,0.169156972162,3.535000115,14.8514846654,0,1,1,0,0,0
1121132,1178,144537,21,114923,12,23.73000026,4,2,6,200,20,220,0.206486084248,3.95500004333,9.2709649216,0,1,1,0,0,0
1121133,1178,144538,22,25002,1,1.710000038,1,0,1,0,5,5,0.0683945299576,1.710000038,2.92397654321,0,1,1,0,0,0
1121134,1178,144538,22,68905,5,9.440000057,1,0,1,0,5,5,0.137000218518,9.440000057,0.529661013751,0,1,1,0,0,0
1121136,1178,144538,22,169588,16,27.79999924,1,0,1,0,5,5,0.163926688445,27.79999924,0.179856120025,0,1,1,0,0,0
1121138,1178,144538,22,328991,35,67.65000057,5,2,7,200,25,225,0.205628727138,9.66428579571,3.32594232231,0,1,1,0,0,0
1121141,1178,144539,23,23198,2,2.980000019,1,0,1,0,5,5,0.128459350763,2.980000019,1.6778523383,0,1,1,0,0,0
1121142,1178,144539,23,26890,2,3.24000001,1,0,1,0,5,5,0.120490889178,3.24000001,1.54320987178,0,1,1,0,0,0
1121143,1178,144539,23,221695,31,52.26000011,5,2,7,200,25,225,0.235729268184,7.46571430143,4.30539608738,0,1,1,0,0,0
1121152,1178,144541,24,88443,7,13.0400002,1,1,2,100,5,105,0.147439596124,6.5200001,8.05214711576,0,1,1,0,0,0
1121153,1178,144541,24,187856,23,38.38999975,5,1,6,100,25,125,0.204358656364,6.39833329167,3.25605628586,0,1,1,0,0,0
1121164,1178,144545,25,570699,80,138.7699997,9,2,11,200,45,245,0.243157951389,12.6154545182,1.76551128147,0,1,1,0,0,0
1121167,1178,144545,25,1063508,145,260.3800013,23,7,30,700,115,815,0.244831257781,8.67933337667,3.1300406941,0,1,1,0,0,0
1121168,1178,144545,25,50523,6,8.549999952,1,0,1,0,5,5,0.169229854759,8.549999952,0.58479532492,0,1,1,0,0,0
1121172,1178,144547,26,87935,9,15.63000023,1,0,1,0,5,5,0.177744927844,15.63000023,0.31989762805,0,1,1,0,0,0
1121173,1178,144547,26,278225,33,60.19999957,3,0,3,0,15,15,0.216371640111,20.0666665233,0.249169436996,0,1,1,0,0,0
1121175,1178,144547,26,209461,20,34.19000006,1,0,1,0,5,5,0.163228477187,34.19000006,0.146241590852,0,1,1,0,0,0
1121177,1178,144547,26,26316,2,3.24000001,3,0,3,0,15,15,0.123119015428,1.08000000333,4.62962961534,0,1,1,0,0,0
1121181,1178,144549,27,41030,3,5.140000105,2,1,3,100,10,110,0.125274192176,1.71333336833,21.4007777729,0,1,1,0,0,0
1121182,1178,144549,27,876671,120,216.5599982,22,4,26,400,110,510,0.247025392878,8.3292307,2.35500556076,0,1,1,0,0,0
1121183,1178,144549,27,399392,53,93.07000041,5,0,5,0,25,25,0.233029205417,18.614000082,0.268615019769,0,1,1,0,0,0
1121184,1178,144549,27,283858,30,56.05999923,1,0,1,0,5,5,0.197493110041,56.05999923,0.0891901546321,0,1,1,0,0,0
1121185,1178,144549,27,260699,31,54.09999871,5,2,7,200,25,225,0.207519011235,7.72857124429,4.15896497902,0,1,1,0,0,0
1121193,1178,144552,28,57781,5,7.800000072,2,1,3,100,10,110,0.13499247282,2.600000024,14.1025639724,0,1,1,0,0,0
1121195,1178,144552,28,38757,3,5.220000029,1,0,1,0,5,5,0.134685347911,5.220000029,0.957854400809,0,1,1,0,0,0
1121196,1178,144552,28,1392288,206,358.5500029,31,7,38,700,155,855,0.257525743883,9.43552639211,2.38460463836,0,1,1,0,0,0
1121197,1178,144552,28,1109387,159,280.9899995,13,2,15,200,65,265,0.253284020364,18.7326666333,0.943094061965,0,1,1,0,0,0
1121202,1178,144554,29,581281,65,115.1200008,10,5,15,500,50,550,0.198045352936,7.67466672,4.77762331635,0,1,1,0,0,0
1121203,1178,144554,29,1048861,128,219.770002,22,8,30,800,110,910,0.209532056202,7.32566673333,4.14069250452,0,1,1,0,0,0
1121205,1178,144554,29,297452,30,52.01999986,4,1,5,100,20,120,0.174885359184,10.403999972,2.30680508118,0,1,1,0,0,0
1121206,1178,144554,29,227925,22,35.30999994,22,12,34,1200,110,1310,0.154919381112,1.03852941,37.0999717425,0,1,1,0,0,0
1121207,1178,144554,29,374175,38,63.32000101,8,3,11,300,40,340,0.169225632418,5.75636372818,5.36955139887,0,1,1,0,0,0
1121211,1178,144556,30,223586,32,54.24000037,1,0,1,0,5,5,0.242591219352,54.24000037,0.0921828902266,0,1,1,0,0,0
1121213,1178,144556,30,283170,39,65.22999996,2,1,3,100,10,110,0.230356322916,21.74333332,1.68634064184,0,1,1,0,0,0
1121215,1178,144556,30,41636,3,4.210000038,1,0,1,0,5,5,0.101114421126,4.210000038,1.18764844534,0,1,1,0,0,0
1121216,1178,144556,30,198658,30,48.60999978,8,1,9,100,40,140,0.244691881424,5.40111108667,2.88006584311,0,1,1,0,0,0
1121220,1178,144558,31,100596,10,13.91999972,4,2,6,200,20,220,0.138375280528,2.31999995333,15.8045980191,0,1,1,0,0,0
1121223,1178,144558,31,64020,5,11.0599997,1,0,1,0,5,5,0.172758508279,11.0599997,0.452079578266,0,1,1,0,0,0
1121224,1178,144558,31,14289,0,0.0,1,0,1,0,5,5,0.0,0.0,inf,0,1,1,0,0,0
1121229,1178,144561,32,404866,43,87.42000079,4,0,4,0,20,20,0.21592329509,21.8550001975,0.228780597338,0,1,1,0,0,0
1121231,1178,144561,32,22256,1,1.659999967,1,1,2,100,5,105,0.0745866268422,0.8299999835,63.2530133056,0,1,1,0,0,0
1121233,1178,144561,32,57690,4,6.74000001,1,0,1,0,5,5,0.116831340094,6.74000001,0.741839761511,0,1,1,0,0,0
1121241,1178,144562,36,24952,5,8.220000267,3,2,5,200,15,215,0.329432521121,1.6440000534,26.155716912,0,1,1,0,0,0
1121242,1178,144562,36,38900,3,5.580000043,1,0,1,0,5,5,0.143444731183,5.580000043,0.896057340765,0,1,1,0,0,0
1121243,1178,144562,36,53520,6,9.2299999,1,1,2,100,5,105,0.172458892003,4.61499995,11.3759481189,0,1,1,0,0,0
1121244,1178,144562,36,181683,20,34.22999972,2,1,3,100,10,110,0.188405077635,11.4099999067,3.21355538708,0,1,1,0,0,0
1121245,1178,144562,36,29185,2,3.149999976,1,0,1,0,5,5,0.107932156108,3.149999976,1.5873015994,0,1,1,0,0,0
1121246,1178,144562,36,105047,13,20.2099994,3,1,4,100,15,115,0.192390067303,5.05249985,5.69025251926,0,1,1,0,0,0
1121250,1178,144565,63,287976,31,59.43999982,3,2,5,200,15,215,0.206406088771,11.887999964,3.61709287771,0,1,1,0,0,0
1121251,1178,144565,63,212175,22,38.58999968,2,1,3,100,10,110,0.1818781651,12.8633332267,2.85047942245,0,1,1,0,0,0
1121252,1178,144565,63,11139,0,0.0,1,1,2,100,5,105,0.0,0.0,inf,0,1,1,0,0,0
1121254,1178,144565,63,124005,11,21.84999979,4,1,5,100,20,120,0.176202570783,4.369999958,5.49199089947,0,1,1,0,0,0
1121255,1178,144565,63,20423,1,1.960000038,1,0,1,0,5,5,0.0959702315037,1.960000038,2.5510203587,0,1,1,0,0,0
1121261,1178,144567,64,103001,14,22.32000005,1,0,1,0,5,5,0.216696925758,22.32000005,0.224014336416,0,1,1,0,0,0
1121262,1178,144567,64,447420,66,110.2399991,7,2,9,200,35,235,0.246390414152,12.2488887889,2.1317126444,0,1,1,0,0,0
1121263,1178,144567,64,156101,19,29.75000048,2,2,4,200,10,210,0.190581741821,7.43750012,7.05882341552,0,1,1,0,0,0
1121264,1178,144567,64,93015,12,18.47000015,1,0,1,0,5,5,0.198570124711,18.47000015,0.270709256058,0,1,1,0,0,0
1121265,1178,144568,65,145398,23,36.24000025,1,0,1,0,5,5,0.24924689645,36.24000025,0.137969093971,0,1,1,0,0,0
1121269,1178,144568,65,296413,50,76.43999958,3,1,4,100,15,115,0.257883424749,19.109999895,1.50444794129,0,1,1,0,0,0
1121273,1178,144569,2,9370,0,0.0,1,1,2,100,5,105,0.0,0.0,inf,0,1,1,0,0,0
1121274,1178,144569,2,63785,7,11.80000019,6,2,8,200,30,230,0.184996475504,1.47500002375,19.4915251099,0,1,1,0,0,0
1121275,1178,144569,2,118522,14,26.81999981,2,1,3,100,10,110,0.226287101213,8.93999993667,4.10141688215,0,1,1,0,0,0
1121276,1178,144569,2,240123,38,65.67000115,5,4,9,400,25,425,0.273484843809,7.29666679444,6.47175258958,0,1,1,0,0,0
1121277,1178,144570,7,169108,20,32.24000025,2,1,3,100,10,110,0.190647398408,10.74666675,3.41191064352,0,1,1,0,0,0
1121278,1178,144570,7,1044442,142,245.5999999,22,8,30,800,110,910,0.235149486424,8.18666666333,3.70521172789,0,1,1,0,0,0
1121279,1178,144570,7,93891,11,17.6400001,5,3,8,300,25,325,0.187877433407,2.2050000125,18.4240361767,0,1,1,0,0,0
1121282,1178,144570,7,185823,25,38.54999936,4,1,5,100,20,120,0.207455478385,7.709999872,3.1128405186,0,1,1,0,0,0
1121284,1178,144571,66,175631,23,40.75999951,1,0,1,0,5,5,0.232077477837,40.75999951,0.122669285086,0,1,1,0,0,0
1121285,1178,144571,66,37187,4,6.370000005,1,0,1,0,5,5,0.171296420927,6.370000005,0.784929355742,0,1,1,0,0,0
1121286,1178,144571,66,10991,0,0.0,1,0,1,0,5,5,0.0,0.0,inf,0,1,1,0,0,0
1121287,1178,144571,66,344618,51,89.76000047,3,1,4,100,15,115,0.260462310355,22.4400001175,1.28119428919,0,1,1,0,0,0
1121289,1178,144572,10,98066,9,16.1500001,1,0,1,0,5,5,0.164685009076,16.1500001,0.309597521303,0,1,0,1,0,0
1121290,1178,144572,10,770749,100,189.1299984,13,3,16,300,65,365,0.245384682173,11.8206249,1.92988951033,0,1,0,1,0,0
1121291,1178,144572,10,52553,5,8.529999852,1,0,1,0,5,5,0.162312329496,8.529999852,0.586166481448,0,1,0,1,0,0
1121292,1178,144572,10,362296,39,67.77000129,7,3,10,300,35,335,0.187056995633,6.777000129,4.94319010806,0,1,0,1,0,0
1121293,1178,144572,10,427729,50,96.8999989,4,1,5,100,20,120,0.226545309998,19.37999978,1.23839010694,0,1,0,1,0,0
1121296,1178,144573,15,180351,21,37.13000011,1,1,2,100,5,105,0.205876319566,18.565000055,2.82790195769,0,1,0,1,0,0
1121297,1178,144573,15,187329,29,53.15999961,2,1,3,100,10,110,0.283778804189,17.71999987,2.06922499637,0,1,0,1,0,0
1121300,1178,144573,15,782894,118,192.9299995,5,2,7,200,25,225,0.246431827936,27.5614285,1.16622609539,0,1,0,1,0,0
1121302,1178,144574,16,1206533,128,236.1199988,17,6,23,600,85,685,0.195701235524,10.2660869043,2.90106726868,0,1,0,1,0,0
1121303,1178,144574,16,84494,7,12.57000017,2,0,2,0,10,10,0.148767961867,6.285000085,0.79554493753,0,1,0,1,0,0
1121304,1178,144574,16,94257,7,12.5800004,1,1,2,100,5,105,0.133464892793,6.2900002,8.3465816106,0,1,0,1,0,0
1121309,1178,144575,18,131060,16,28.04999959,2,1,3,100,10,110,0.214024107966,9.34999986333,3.92156868477,0,1,0,1,0,0
1121310,1178,144575,18,341603,50,83.48000121,4,2,6,200,20,220,0.244377248473,13.913333535,2.6353617251,0,1,0,1,0,0
1121311,1178,144575,18,140749,19,30.4799999,1,1,2,100,5,105,0.216555711941,15.23999995,3.44488190107,0,1,0,1,0,0
1121312,1178,144575,18,102525,13,20.29999983,2,1,3,100,10,110,0.198000486028,6.76666661,5.4187192572,0,1,0,1,0,0
1121316,1178,144576,19,447952,68,131.5799983,8,1,9,100,40,140,0.293736825151,14.6199998111,1.06399150181,0,1,0,1,0,0
1121317,1178,144576,19,76355,9,14.62999988,2,0,2,0,10,10,0.191605001375,7.31499994,0.683527004923,0,1,0,1,0,0
1121319,1178,144577,20,256598,38,64.46999931,6,1,7,100,30,130,0.251249032767,9.20999990143,2.01644177744,0,1,0,1,0,0
1121321,1178,144577,20,127476,21,30.15000057,3,2,5,200,15,215,0.236515113198,6.030000114,7.13101147381,0,1,0,1,0,0
1121322,1178,144577,20,237603,37,62.25000024,5,2,7,200,25,225,0.26199164253,8.89285717714,3.61445781739,0,1,0,1,0,0
1121327,1178,144578,21,271091,42,78.03999984,3,1,4,100,15,115,0.287873813,19.50999996,1.47360328339,0,1,0,1,0,0
1121330,1178,144578,21,21743,2,3.400000095,1,0,1,0,5,5,0.156372170124,3.400000095,1.4705881942,0,1,0,1,0,0
1121333,1178,144579,22,88970,10,14.8300004,2,0,2,0,10,10,0.166685404069,7.4150002,0.674308815258,0,1,0,1,0,0
1121334,1178,144579,22,108362,13,22.42999983,1,1,2,100,5,105,0.206991379174,11.214999915,4.68123053035,0,1,0,1,0,0
1121335,1178,144579,22,188596,27,44.14000034,3,0,3,0,15,15,0.234045262572,14.7133334467,0.339827817953,0,1,0,1,0,0
1121336,1178,144579,22,275080,43,69.65999997,4,3,7,300,20,320,0.253235422314,9.95142856714,4.59374102983,0,1,0,1,0,0
1121337,1178,144580,23,64647,10,16.26999998,1,0,1,0,5,5,0.251674478011,16.26999998,0.307314075362,0,1,0,1,0,0
1121338,1178,144580,23,31265,4,5.789999902,1,0,1,0,5,5,0.185191105134,5.789999902,0.863557872993,0,1,0,1,0,0
1121340,1178,144580,23,140147,24,42.08000016,2,0,2,0,10,10,0.300256160746,21.04000008,0.237642584648,0,1,0,1,0,0
1121341,1178,144580,23,223120,40,67.66999984,1,0,1,0,5,5,0.303289708856,67.66999984,0.0738879859882,0,1,0,1,0,0
1121342,1178,144580,23,104869,18,34.07000089,1,0,1,0,5,5,0.324881527334,34.07000089,0.146756673595,0,1,0,1,0,0
1121344,1178,144581,24,165177,23,41.71999967,4,1,5,100,20,120,0.252577536037,8.343999934,2.87631833531,0,1,0,1,0,0
1121345,1178,144581,24,84194,11,19.56999981,1,0,1,0,5,5,0.232439363969,19.56999981,0.255493104167,0,1,0,1,0,0
1121347,1178,144581,24,220581,31,57.37,1,1,2,100,5,105,0.26008586415,28.685,1.8302248562,0,1,0,1,0,0
1121350,1178,144582,25,75804,10,17.36999965,2,1,3,100,10,110,0.229143576197,5.78999988333,6.3327577557,0,1,0,1,0,0
1121352,1178,144582,25,368986,59,100.289999,0,0,0,0,0,0,0.271798927331,inf,0.0,0,1,0,1,0,0
1121353,1178,144582,25,28194,3,3.709999919,2,0,2,0,10,10,0.131588278322,1.8549999595,2.69541784861,0,1,0,1,0,0
1121355,1178,144583,26,99961,14,23.2099998,1,0,1,0,5,5,0.232190552315,23.2099998,0.215424387897,0,1,0,1,0,0
1121359,1178,144583,26,7573,0,0.0,1,0,1,0,5,5,0.0,0.0,inf,0,1,0,1,0,0
1121361,1178,144584,27,685781,103,177.8899992,10,1,11,100,50,150,0.259397678268,16.1718181091,0.843217722607,0,1,0,1,0,0
1121364,1178,144584,27,274222,43,66.7700001,2,1,3,100,10,110,0.243488852463,22.2566667,1.64744645552,0,1,0,1,0,0
1121365,1178,144584,27,110503,25,32.67999995,4,0,4,0,20,20,0.295738576781,8.1699999875,0.611995104976,0,1,0,1,0,0
1121367,1178,144585,28,1447755,233,420.5799983,11,8,19,800,55,855,0.290504953048,22.1357893842,2.03290694626,0,1,0,1,0,0
1121368,1178,144585,28,358987,52,87.55000067,1,0,1,0,5,5,0.243880699496,87.55000067,0.0571102222928,0,1,0,1,0,0
1121369,1178,144585,28,826205,125,232.3700008,5,1,6,100,25,125,0.281249811851,38.7283334667,0.537935187716,0,1,0,1,0,0
1121370,1178,144585,28,550954,84,150.1400012,3,0,3,0,15,15,0.272509140872,50.0466670667,0.099906752898,0,1,0,1,0,0
1121372,1178,144585,28,378350,55,96.48000073,4,0,4,0,20,20,0.255001984221,24.1200001825,0.207296847519,0,1,0,1,0,0
1121373,1178,144586,29,492784,56,95.5100013,7,4,11,400,35,435,0.193817172027,8.68272739091,4.55449684933,0,1,0,1,0,0
1121374,1178,144586,29,327158,43,72.3100003,6,2,8,200,30,230,0.221024704577,9.0387500375,3.18074953735,0,1,0,1,0,0
1121375,1178,144586,29,9921,0,0.0,1,0,1,0,5,5,0.0,0.0,inf,0,1,0,1,0,0
1121377,1178,144586,29,59390,5,9.209999919,5,3,8,300,25,325,0.15507661086,1.15124998987,35.2877310378,0,1,0,1,0,0
1121378,1178,144586,29,1040330,147,254.2500038,13,2,15,200,65,265,0.244393609528,16.9500002533,1.04228120369,0,1,0,1,0,0
1121379,1178,144587,30,49422,6,11.17000031,1,0,1,0,5,5,0.226012713164,11.17000031,0.447627561436,0,1,0,1,0,0
1121380,1178,144587,30,131091,18,34.23000026,3,1,4,100,15,115,0.261116325758,8.557500065,3.35962603349,0,1,0,1,0,0
1121381,1178,144587,30,95691,15,25.26000011,1,1,2,100,5,105,0.263974669614,12.630000055,4.1567695781,0,1,0,1,0,0
1121390,1178,144588,31,15513,1,1.289999962,1,0,1,0,5,5,0.0831560602076,1.289999962,3.87596910642,0,1,0,1,0,0
1121391,1178,144589,32,382537,63,113.9900012,4,3,7,300,20,320,0.297984250412,16.2842858857,2.80726376552,0,1,0,1,0,0
1121394,1178,144589,32,461356,64,121.0999982,6,3,9,300,30,330,0.262487099333,13.4555553556,2.7250206846,0,1,0,1,0,0
1121395,1178,144589,32,392541,53,98.70000017,3,2,5,200,15,215,0.251438703651,19.740000034,2.17831813201,0,1,0,1,0,0
1121398,1178,144590,36,35088,5,8.800000072,1,1,2,100,5,105,0.250797995668,4.400000036,11.9318180842,0,1,0,1,0,0
1121400,1178,144590,36,53933,6,9.929999948,3,1,4,100,15,115,0.184117329798,2.482499987,11.581067533,0,1,0,1,0,0
1121403,1178,144591,63,228861,33,53.38999939,4,2,6,200,20,220,0.233285703506,8.89833323167,4.12062188638,0,1,0,1,0,0
1121405,1178,144591,63,20959,2,3.769999981,1,1,2,100,5,105,0.179874993129,1.8849999905,27.8514590263,0,1,0,1,0,0
1121410,1178,144592,64,24992,2,3.190000057,1,0,1,0,5,5,0.127640847351,3.190000057,1.56739809112,0,1,0,1,0,0
1121411,1178,144592,64,100351,15,24.17999995,2,1,3,100,10,110,0.240954250082,8.05999998333,4.54921423604,0,1,0,1,0,0
1121412,1178,144592,64,292448,43,76.89999968,2,1,3,100,10,110,0.262952728964,25.6333332267,1.43042913469,0,1,0,1,0,0
1121413,1178,144592,64,65060,7,14.5200001,1,1,2,100,5,105,0.223178605902,7.26000005,7.23140490887,0,1,0,1,0,0
1121414,1178,144592,64,133316,21,36.17000055,2,0,2,0,10,10,0.271310274461,18.085000275,0.276472210338,0,1,0,1,0,0
1121415,1178,144593,65,113501,26,38.44000077,5,4,9,400,25,425,0.338675436957,4.27111119667,11.0561912458,0,1,0,1,0,0
1121418,1178,144593,65,192810,41,61.92999995,4,3,7,300,20,320,0.32119703309,8.84714285,5.16712417662,0,1,0,1,0,0
1121421,1178,144594,2,233404,43,70.4100008,2,1,3,100,10,110,0.301665784648,23.4700002667,1.56227806775,0,1,0,1,0,0
1121422,1178,144594,2,128843,24,37.5999999,2,0,2,0,10,10,0.291828038,18.79999995,0.265957447516,0,1,0,1,0,0
1121423,1178,144594,2,63564,12,20.59000027,2,0,2,0,10,10,0.323925496665,10.295000135,0.485672650261,0,1,0,1,0,0
1121425,1178,144594,2,85970,14,24.78000021,1,1,2,100,5,105,0.288240086193,12.390000105,4.23728809968,0,1,0,1,0,0
1121428,1178,144595,7,131232,16,29.53999937,1,1,2,100,5,105,0.225097532385,14.769999685,3.55450244548,0,1,0,1,0,0
1121429,1178,144595,7,152454,22,37.84999979,1,1,2,100,5,105,0.24827160842,18.924999895,2.77410833772,0,1,0,1,0,0
1121430,1178,144595,7,28989,2,2.290000021,1,0,1,0,5,5,0.0789954817689,2.290000021,2.18340609351,0,1,0,1,0,0
1121433,1178,144596,66,80248,15,24.1900003,1,1,2,100,5,105,0.301440538082,12.09500015,4.34063657287,0,1,0,1,0,0
1121437,1178,144596,66,38580,5,8.519999981,1,0,1,0,5,5,0.220839812882,8.519999981,0.586854461403,0,1,0,1,0,0
1121439,1178,144597,10,621591,91,163.36,5,1,6,100,25,125,0.262809467962,27.2266666667,0.765181194907,0,1,0,0,1,0
1121440,1178,144597,10,250499,36,58.14000005,3,1,4,100,15,115,0.232096735117,14.5350000125,1.97798417443,0,1,0,0,1,0
1121442,1178,144597,10,131637,18,29.30999982,2,1,3,100,10,110,0.222657762027,9.76999994,3.75298535229,0,1,0,0,1,0
1121443,1178,144597,10,463813,69,116.3399996,4,2,6,200,20,220,0.250833848124,19.3899999333,1.89100911773,0,1,0,0,1,0
1121444,1178,144597,10,211767,35,60.89999914,5,1,6,100,25,125,0.28758021382,10.1499998567,2.05254518498,0,1,0,0,1,0
1121446,1178,144598,15,163181,26,40.02000093,1,1,2,100,5,105,0.245249146224,20.010000465,2.62368809495,0,1,0,0,1,0
1121451,1178,144599,16,1117385,147,260.0699984,11,2,13,200,55,255,0.232748782559,20.0053844923,0.980505254619,0,1,0,0,1,0
1121452,1178,144599,16,1663441,205,359.4700001,17,6,23,600,85,685,0.216100240465,15.6291304391,1.90558321921,0,1,0,0,1,0
1121453,1178,144599,16,455248,54,105.7099996,5,2,7,200,25,225,0.232203105999,15.1014285143,2.12846467554,0,1,0,0,1,0
1121454,1178,144599,16,75589,6,10.66000009,1,1,2,100,5,105,0.141025811824,5.330000045,9.84990610821,0,1,0,0,1,0
1121455,1178,144599,16,594267,82,143.3000009,3,2,5,200,15,215,0.241137402716,28.66000018,1.50034890893,0,1,0,0,1,0
1121456,1178,144599,16,315281,35,65.02999854,1,0,1,0,5,5,0.206260442399,65.02999854,0.0768875920691,0,1,0,0,1,0
1121464,1178,144601,19,363456,71,117.5599997,7,1,8,100,35,135,0.323450430589,14.6949999625,1.14834978177,0,1,0,0,1,0
1121466,1178,144601,19,438983,81,143.4300001,3,1,4,100,15,115,0.326732470506,35.857500025,0.801784842221,0,1,0,0,1,0
1121467,1178,144601,19,42563,5,9.659999847,1,1,2,100,5,105,0.226957682659,4.8299999235,10.8695653895,0,1,0,0,1,0
1121469,1178,144602,20,399035,75,124.7999995,7,3,10,300,35,335,0.312754519027,12.47999995,2.68429488255,0,1,0,0,1,0
1121471,1178,144602,20,304680,59,98.55000019,3,0,3,0,15,15,0.323454116417,32.8500000633,0.152207001229,0,1,0,0,1,0
1121472,1178,144602,20,140596,23,40.77000022,1,0,1,0,5,5,0.289979801844,40.77000022,0.122639194825,0,1,0,0,1,0
1121473,1178,144602,20,439986,80,134.8799999,4,3,7,300,20,320,0.306555208348,19.2685714143,2.37247924257,0,1,0,0,1,0
1121474,1178,144602,20,75803,11,19.3599999,2,2,4,200,10,210,0.255398861523,4.839999975,10.847107494,0,1,0,0,1,0
1121477,1178,144603,21,7073,0,0.0,1,0,1,0,5,5,0.0,0.0,inf,0,1,0,0,1,0
1121481,1178,144604,22,153586,28,43.01000035,2,0,2,0,10,10,0.280038547459,21.505000175,0.232504066929,0,1,0,0,1,0
1121482,1178,144604,22,180815,31,42.62999976,1,0,1,0,5,5,0.235765836684,42.62999976,0.117288295289,0,1,0,0,1,0
1121483,1178,144604,22,253169,51,75.78999984,1,0,1,0,5,5,0.299365245508,75.78999984,0.0659717642242,0,1,0,0,1,0
1121484,1178,144604,22,34453,5,7.710000038,1,1,2,100,5,105,0.22378312594,3.855000019,13.6186769757,0,1,0,0,1,0
1121487,1178,144605,23,51550,8,14.03999984,1,0,1,0,5,5,0.272356931911,14.03999984,0.356125360184,0,1,0,0,1,0
1121489,1178,144605,23,110018,24,39.85999966,1,0,1,0,5,5,0.362304347107,39.85999966,0.125439037698,0,1,0,0,1,0
1121493,1178,144606,24,137584,21,36.77999961,1,0,1,0,5,5,0.267327593397,36.77999961,0.135943448967,0,1,0,0,1,0
1121497,1178,144606,24,209825,30,54.86999953,1,0,1,0,5,5,0.261503631741,54.86999953,0.0911244768148,0,1,0,0,1,0
1121499,1178,144607,25,264222,63,87.7899996,1,1,2,100,5,105,0.332258478098,43.8949998,1.19603600044,0,1,0,0,1,0
1121510,1178,144608,26,31202,5,6.730000019,1,0,1,0,5,5,0.215691302449,6.730000019,0.742942048423,0,1,0,0,1,0
1121511,1178,144609,27,252991,49,76.83999932,3,0,3,0,15,15,0.303726216822,25.6133331067,0.195210829421,0,1,0,0,1,0
1121514,1178,144609,27,56265,9,15.53999972,1,0,1,0,5,5,0.276193010219,15.53999972,0.321750327548,0,1,0,0,1,0
1121523,1178,144611,29,76923,11,17.67000008,2,2,4,200,10,210,0.22971023075,4.41750002,11.8845500311,0,1,0,0,1,0
1121524,1178,144611,29,209332,30,49.60000014,3,1,4,100,15,115,0.236944185027,12.400000035,2.31854838055,0,1,0,0,1,0
1121525,1178,144611,29,214094,31,53.26999903,1,0,1,0,5,5,0.248815936131,53.26999903,0.0938614621935,0,1,0,0,1,0
1121526,1178,144611,29,526209,85,126.9299996,3,2,5,200,15,215,0.241215941955,25.38599992,1.69384700762,0,1,0,0,1,0
1121527,1178,144611,29,741143,120,179.620001,4,1,5,100,20,120,0.242355390255,35.9240002,0.668077047834,0,1,0,0,1,0
1121528,1178,144611,29,172827,25,38.42000043,2,0,2,0,10,10,0.222303230572,19.210000215,0.260281100679,0,1,0,0,1,0
1121530,1178,144612,30,188873,38,58.5999999,1,1,2,100,5,105,0.310261392047,29.29999995,1.79180887678,0,1,0,0,1,0
1121532,1178,144612,30,123126,25,39.72999978,2,1,3,100,10,110,0.322677580527,13.24333326,2.76868866371,0,1,0,0,1,0
1121535,1178,144613,31,77794,14,19.11000001,1,1,2,100,5,105,0.245648764815,9.555000005,5.49450549163,0,1,0,0,1,0
1121541,1178,144614,32,56630,9,15.81000018,1,1,2,100,5,105,0.279180649479,7.90500009,6.6413661483,0,1,0,0,1,0
1121544,1178,144614,32,400844,85,140.9700022,4,2,6,200,20,220,0.351682954466,23.4950003667,1.56061570949,0,1,0,0,1,0
1121545,1178,144614,32,208572,36,60.76000023,2,1,3,100,10,110,0.291314271475,20.25333341,1.81040157313,0,1,0,0,1,0
1121548,1178,144615,36,59004,8,13.51000011,1,0,1,0,5,5,0.22896752949,13.51000011,0.370096222005,0,1,0,0,1,0
1121551,1178,144615,36,196253,32,55.10000002,1,0,1,0,5,5,0.280760039439,55.10000002,0.0907441016005,0,1,0,0,1,0
1121554,1178,144616,63,51858,8,12.63000011,1,1,2,100,5,105,0.243549695515,6.315000055,8.31353911999,0,1,0,0,1,0
1121557,1178,144616,63,280764,49,81.36000025,2,1,3,100,10,110,0.289780742011,27.1200000833,1.35201572839,0,1,0,0,1,0
1121561,1178,144617,64,63660,11,16.47000003,1,1,2,100,5,105,0.258718190858,8.235000015,6.37522767509,0,1,0,0,1,0
1121562,1178,144617,64,109289,19,31.02999997,1,0,1,0,5,5,0.283926103908,31.02999997,0.161134386234,0,1,0,0,1,0
1121568,1178,144618,65,188440,40,60.72999966,2,1,3,100,10,110,0.322277646253,20.24333322,1.81129591003,0,1,0,0,1,0
1121571,1178,144619,2,212496,44,74.83000135,2,1,3,100,10,110,0.352147811488,24.9433337833,1.46999863712,0,1,0,0,1,0
1121572,1178,144619,2,32574,5,7.480000019,1,0,1,0,5,5,0.229630994628,7.480000019,0.668449196163,0,1,0,0,1,0
1121575,1178,144619,2,128595,23,36.4800005,1,1,2,100,5,105,0.283681328979,18.24000025,2.87828943423,0,1,0,0,1,0
1121577,1178,144620,7,242234,48,68.06000054,2,0,2,0,10,10,0.280967991859,34.03000027,0.146929178969,0,1,0,0,1,0
1121584,1178,144621,66,33154,5,7.879999995,1,1,2,100,5,105,0.237678711317,3.9399999975,13.3248731049,0,1,0,0,1,0
1121585,1178,144621,66,9773,1,1.460000038,1,0,1,0,5,5,0.149391183669,1.460000038,3.42465744511,0,1,0,0,1,0
1121589,1178,144622,10,464036,77,123.5500004,3,1,4,100,15,115,0.266250895189,30.8875001,0.930797245064,0,1,0,0,0,1
1121590,1178,144622,10,478480,75,135.7500012,3,1,4,100,15,115,0.283710920415,33.9375003,0.847145480541,0,1,0,0,0,1
1121592,1178,144622,10,428812,66,116.8800001,4,2,6,200,20,220,0.272566999291,19.4800000167,1.88227241454,0,1,0,0,0,1
1121593,1178,144622,10,1177535,221,365.6600009,15,3,18,300,75,375,0.310530048703,20.3144444944,1.02554285149,0,1,0,0,0,1
1121594,1178,144622,10,426500,72,128.2799988,4,1,5,100,20,120,0.300773736928,25.65599976,0.935453703793,0,1,0,0,0,1
1121597,1178,144623,15,54237,7,10.77999985,2,1,3,100,10,110,0.198757303133,3.59333328333,10.2040817746,0,1,0,0,0,1
1121598,1178,144623,15,506916,89,133.6999986,2,2,4,200,10,210,0.263751782544,33.42499965,1.57068064472,0,1,0,0,0,1
1121599,1178,144623,15,250960,42,64.87999952,2,0,2,0,10,10,0.258527253427,32.43999976,0.154130703976,0,1,0,0,0,1
1121601,1178,144624,16,2286228,353,603.380002,16,7,23,700,80,780,0.263919434982,26.2339131304,1.29271768606,0,1,0,0,0,1
1121602,1178,144624,16,915451,125,220.559999,6,1,7,100,30,130,0.24093042555,31.5085712857,0.589408780329,0,1,0,0,0,1
1121603,1178,144624,16,159478,20,33.89999998,3,1,4,100,15,115,0.212568504621,8.474999995,3.39233038548,0,1,0,0,0,1
1121605,1178,144624,16,1228924,190,318.9700032,6,3,9,300,30,330,0.259552261328,35.4411114667,1.03458004417,0,1,0,0,0,1
1121606,1178,144624,16,938283,134,248.6400001,7,2,9,200,35,235,0.264994676553,27.6266666778,0.945141569761,0,1,0,0,0,1
1121607,1178,144625,18,154572,26,40.93000007,1,1,2,100,5,105,0.264795694369,20.465000035,2.56535548059,0,1,0,0,0,1
1121609,1178,144625,18,378171,70,109.2500008,1,0,1,0,5,5,0.288890477588,109.2500008,0.0457665900539,0,1,0,0,0,1
1121612,1178,144625,18,468749,84,134.1199975,6,1,7,100,30,130,0.28612327173,19.1599996429,0.969281258747,0,1,0,0,0,1
1121613,1178,144626,19,309823,60,103.3899996,4,4,8,400,20,420,0.333706663482,12.92374995,4.06228843819,0,1,0,0,0,1
1121615,1178,144626,19,327227,65,116.5599996,5,0,5,0,25,25,0.356205324133,23.31199992,0.214481812678,0,1,0,0,0,1
1121616,1178,144626,19,334945,72,120.2999994,2,1,3,100,10,110,0.359163442953,40.0999998,0.91438071944,0,1,0,0,0,1
1121617,1178,144626,19,68859,15,25.45999968,1,0,1,0,5,5,0.369741060428,25.45999968,0.196386491078,0,1,0,0,0,1
1121619,1178,144627,20,127125,20,35.67999983,2,0,2,0,10,10,0.280668631898,17.839999915,0.280269059631,0,1,0,0,0,1
1121620,1178,144627,20,415798,80,131.7800006,3,1,4,100,15,115,0.316932742822,32.94500015,0.872666561515,0,1,0,0,0,1
1121622,1178,144627,20,107671,20,29.91000021,1,1,2,100,5,105,0.277790679106,14.955000105,3.51053157014,0,1,0,0,0,1
1121623,1178,144627,20,164356,28,46.7900002,2,1,3,100,10,110,0.284686900387,15.5966667333,2.35092967578,0,1,0,0,0,1
1121624,1178,144627,20,17662,2,3.189999938,1,0,1,0,5,5,0.180613743517,3.189999938,1.56739814959,0,1,0,0,0,1
1121627,1178,144628,21,65339,10,16.67999983,2,0,2,0,10,10,0.255283977869,8.339999915,0.599520389803,0,1,0,0,0,1
1121628,1178,144628,21,59838,7,11.11000013,1,0,1,0,5,5,0.185667972359,11.11000013,0.450044999234,0,1,0,0,0,1
1121629,1178,144628,21,381577,81,127.5699993,2,0,2,0,10,10,0.334323083676,63.78499965,0.0783883362458,0,1,0,0,0,1
1121635,1178,144629,22,45491,8,11.00999999,1,0,1,0,5,5,0.242025895012,11.00999999,0.454132607134,0,1,0,0,0,1
1121638,1178,144630,23,18946,2,3.599999905,1,0,1,0,5,5,0.190013718199,3.599999905,1.38888892554,0,1,0,0,0,1
1121641,1178,144630,23,114370,18,33.65999997,1,0,1,0,5,5,0.294307947626,33.65999997,0.148544266324,0,1,0,0,0,1
1121642,1178,144630,23,99698,21,33.3499999,1,0,1,0,5,5,0.334510219864,33.3499999,0.149925037931,0,1,0,0,0,1
1121644,1178,144631,24,355165,81,128.6099997,4,3,7,300,20,320,0.362113383075,18.3728571,2.48814245196,0,1,0,0,0,1
1121650,1178,144632,25,101431,23,33.93000031,1,1,2,100,5,105,0.334513120348,16.965000155,3.09460651461,0,1,0,0,0,1
1121652,1178,144632,25,123151,24,36.4400003,2,1,3,100,10,110,0.295896909485,12.1466667667,3.01866078744,0,1,0,0,0,1
1121660,1178,144633,26,24078,4,5.769999981,1,0,1,0,5,5,0.239637842886,5.769999981,0.86655112937,0,1,0,0,0,1
1121661,1178,144634,27,517801,105,181.7200011,3,0,3,0,15,15,0.350945635679,60.5733337,0.0825445735703,0,1,0,0,0,1
1121662,1178,144634,27,145104,25,41.42000008,2,1,3,100,10,110,0.285450436101,13.8066666933,2.65572186836,0,1,0,0,0,1
1121664,1178,144634,27,179950,35,58.67999971,1,0,1,0,5,5,0.326090579105,58.67999971,0.0852079077149,0,1,0,0,0,1
1121665,1178,144634,27,258531,46,80.33999979,2,0,2,0,10,10,0.310755769289,40.169999895,0.124470998583,0,1,0,0,0,1
1121666,1178,144634,27,272500,62,104.4599996,3,0,3,0,15,15,0.383339448073,34.8199998667,0.143595635243,0,1,0,0,0,1
1121667,1178,144635,28,273197,57,87.7300005,3,0,3,0,15,15,0.321123586643,29.2433335,0.17097913957,0,1,0,0,0,1
1121668,1178,144635,28,775904,172,253.990002,4,2,6,200,20,220,0.327347200169,42.331667,0.866175826874,0,1,0,0,0,1
1121669,1178,144635,28,120251,26,39.44000006,1,0,1,0,5,5,0.327980640993,39.44000006,0.126774847677,0,1,0,0,0,1
1121671,1178,144635,28,139406,24,39.04999948,1,0,1,0,5,5,0.280117064402,39.04999948,0.128040974816,0,1,0,0,0,1
1121672,1178,144635,28,60314,11,16.93999958,2,1,3,100,10,110,0.280863474152,5.64666652667,6.4935066545,0,1,0,0,0,1
1121673,1178,144636,29,563074,86,142.7099985,4,2,6,200,20,220,0.253448034361,23.78499975,1.54158785167,0,1,0,0,0,1
1121674,1178,144636,29,168655,18,27.29999983,2,0,2,0,10,10,0.161868902968,13.649999915,0.366300368581,0,1,0,0,0,1
1121675,1178,144636,29,111963,17,29.3799994,2,1,3,100,10,110,0.262408111608,9.79333313333,3.74404364351,0,1,0,0,0,1
1121676,1178,144636,29,1026304,168,277.5799986,17,8,25,800,85,885,0.270465669626,11.103199944,3.18827006435,0,1,0,0,0,1
1121677,1178,144636,29,1391924,258,422.8400038,17,10,27,1000,85,1085,0.303780956288,15.6607408815,2.56598238163,0,1,0,0,0,1
1121678,1178,144636,29,147551,22,38.50000083,1,0,1,0,5,5,0.260926736044,38.50000083,0.12987012707,0,1,0,0,0,1
1121685,1178,144638,31,66794,9,17.3299998,1,1,2,100,5,105,0.259454439021,8.6649999,6.05885754251,0,1,0,0,0,1
1121687,1178,144638,31,118882,19,32.30999994,2,1,3,100,10,110,0.271782102757,10.76999998,3.40451873118,0,1,0,0,0,1
1121689,1178,144638,31,148010,24,41.96999943,1,0,1,0,5,5,0.283561917641,41.96999943,0.119132715461,0,1,0,0,0,1
1121691,1178,144639,32,932890,197,352.4499989,3,1,4,100,15,115,0.377804455938,88.112499725,0.326287417673,0,1,0,0,0,1
1121692,1178,144639,32,718359,147,264.5899997,4,1,5,100,20,120,0.368325586093,52.91799994,0.453531880026,0,1,0,0,0,1
1121693,1178,144639,32,433658,82,158.5999998,5,2,7,200,25,225,0.365725986376,22.6571428286,1.4186633057,0,1,0,0,0,1
1121695,1178,144639,32,29455,3,4.769999981,1,0,1,0,5,5,0.161941944695,4.769999981,1.04821803353,0,1,0,0,0,1
1121701,1178,144640,36,23973,3,4.820000052,1,1,2,100,5,105,0.201059527468,2.410000026,21.7842321301,0,1,0,0,0,1
1121705,1178,144641,63,126480,25,37.25999999,1,1,2,100,5,105,0.294592030281,18.629999995,2.81803542749,0,1,0,0,0,1
1121706,1178,144641,63,138959,28,39.5200007,1,0,1,0,5,5,0.284400439698,39.5200007,0.126518216383,0,1,0,0,0,1
1121708,1178,144641,63,68829,12,19.47999978,1,0,1,0,5,5,0.283020235366,19.47999978,0.256673514192,0,1,0,0,0,1
1121711,1178,144642,64,49916,10,16.38,1,1,2,100,5,105,0.328151294174,8.19,6.41025641026,0,1,0,0,0,1
1121716,1178,144643,65,76014,16,22.67000031,1,1,2,100,5,105,0.298234539822,11.335000155,4.63167174963,0,1,0,0,0,1
1121723,1178,144644,2,50947,10,15.99000025,1,0,1,0,5,5,0.313855580309,15.99000025,0.312695429758,0,1,0,0,0,1
1121733,1178,144646,66,55536,11,17.04999995,1,0,1,0,5,5,0.307008065939,17.04999995,0.293255132825,0,1,0,0,0,1
1121741,1178,144647,10,318042,46,64.40999997,8,4,12,400,40,440,0.202520421737,5.3674999975,6.83123738868,1,0,1,0,0,0
1121742,1178,144647,10,213016,30,44.21999955,8,2,10,200,40,240,0.207590038072,4.421999955,5.42740846771,1,0,1,0,0,0
1121745,1178,144648,15,182265,27,38.18000007,2,1,3,100,10,110,0.209475215044,12.72666669,2.88108957041,1,0,1,0,0,0
1121746,1178,144648,15,1117371,177,268.050002,26,5,31,500,130,630,0.239893466002,8.64677425806,2.35030776086,1,0,1,0,0,0
1121749,1178,144648,15,333345,52,77.59000027,5,1,6,100,25,125,0.232761854145,12.9316667117,1.61103234392,1,0,1,0,0,0
1121751,1178,144649,16,275930,30,46.77999997,5,2,7,200,25,225,0.169535751712,6.68285713857,4.80974775854,1,0,1,0,0,0
1121753,1178,144649,16,740631,101,153.1199975,9,1,10,100,45,145,0.206742625545,15.31199975,0.946969712431,1,0,1,0,0,0
1121754,1178,144649,16,328272,35,55.99000025,2,1,3,100,10,110,0.170559780456,18.6633334167,1.96463653347,1,0,1,0,0,0
1121755,1178,144649,16,178455,20,31.5400002,6,3,9,300,30,330,0.176739235101,3.50444446667,10.4629041822,1,0,1,0,0,0
1121756,1178,144649,16,705712,98,147.339999,6,1,7,100,30,130,0.208782051318,21.0485712857,0.882313023499,1,0,1,0,0,0
1121758,1178,144650,18,690373,91,159.5700021,5,2,7,200,25,225,0.231135925217,22.7957145857,1.41003946255,1,0,1,0,0,0
1121759,1178,144650,18,515812,69,117.6299995,3,1,4,100,15,115,0.22804820264,29.407499875,0.97764176221,1,0,1,0,0,0
1121760,1178,144650,18,764793,101,171.9799976,4,2,6,200,20,220,0.224871301908,28.6633329333,1.27921853163,1,0,1,0,0,0
1121763,1178,144651,19,87832,11,18.10000038,1,1,2,100,5,105,0.206075238865,9.05000019,5.80110485058,1,0,1,0,0,0
1121764,1178,144651,19,23368,3,4.300000191,1,0,1,0,5,5,0.18401233272,4.300000191,1.16279064602,1,0,1,0,0,0
1121765,1178,144651,19,51509,7,11.57000005,1,0,1,0,5,5,0.224620941001,11.57000005,0.432152115678,1,0,1,0,0,0
1121767,1178,144651,19,87043,16,24.48000002,2,0,2,0,10,10,0.281240306745,12.24000001,0.408496731692,1,0,1,0,0,0
1121768,1178,144651,19,565565,113,169.6699982,7,4,11,400,35,435,0.300000880889,15.4245452909,2.56380034546,1,0,1,0,0,0
1121769,1178,144652,20,253758,43,62.14000034,4,1,5,100,20,120,0.244878980525,12.428000068,1.93112325947,1,0,1,0,0,0
1121773,1178,144652,20,319131,51,76.68000025,6,1,7,100,30,130,0.240277504379,10.95428575,1.69535732363,1,0,1,0,0,0
1121774,1178,144652,20,670608,130,195.1499978,11,3,14,300,55,355,0.291004577637,13.9392855571,1.81911352294,1,0,1,0,0,0
1121775,1178,144653,21,159123,25,38.36000013,5,3,8,300,25,325,0.241071373277,4.79500001625,8.4723670203,1,0,1,0,0,0
1121776,1178,144653,21,103709,15,24.56999969,3,1,4,100,15,115,0.236912897531,6.1424999225,4.68050473956,1,0,1,0,0,0
1121779,1178,144653,21,271589,45,74.41000032,9,3,12,300,45,345,0.273980169742,6.20083336,4.63647357232,1,0,1,0,0,0
1121780,1178,144653,21,119772,20,33.46999907,5,2,7,200,25,225,0.279447609374,4.78142843857,6.72243819097,1,0,1,0,0,0
1121782,1178,144654,22,26340,3,4.220000029,1,1,2,100,5,105,0.160212605505,2.1100000145,24.8815164167,1,0,1,0,0,0
1121783,1178,144654,22,594968,111,147.6700006,4,0,4,0,20,20,0.248198223434,36.91750015,0.135437122765,1,0,1,0,0,0
1121791,1178,144655,23,6838,0,0.0,1,0,1,0,5,5,0.0,0.0,inf,1,0,1,0,0,0
1121793,1178,144656,24,185665,39,62.14000058,1,0,1,0,5,5,0.334688824388,62.14000058,0.0804634688338,1,0,1,0,0,0
1121795,1178,144656,24,24959,3,4.560000062,1,1,2,100,5,105,0.182699629873,2.280000031,23.0263154764,1,0,1,0,0,0
1121796,1178,144656,24,136967,23,35.05999982,3,1,4,100,15,115,0.255974065432,8.764999955,3.28009128895,1,0,1,0,0,0
1121798,1178,144656,24,107548,19,29.31000018,1,0,1,0,5,5,0.272529476885,29.31000018,0.170590241191,1,0,1,0,0,0
1121803,1178,144657,25,588617,119,169.9199973,2,0,2,0,10,10,0.288676673117,84.95999865,0.0588512250406,1,0,1,0,0,0
1121806,1178,144658,26,190560,26,41.63,3,1,4,100,15,115,0.218461376994,10.4075,2.76243093923,1,0,1,0,0,0
1121807,1178,144658,26,373110,49,75.70000076,4,2,6,200,20,220,0.202889230415,12.6166667933,2.90620868945,1,0,1,0,0,0
1121812,1178,144659,27,935646,170,256.4699982,19,6,25,600,95,695,0.274110078171,10.258799928,2.70986861963,1,0,1,0,0,0
1121814,1178,144659,27,2223278,421,612.3000032,38,13,51,1300,190,1490,0.275404156925,12.0058824157,2.43344764366,1,0,1,0,0,0
1121815,1178,144659,27,240497,36,51.84000087,1,0,1,0,5,5,0.215553627987,51.84000087,0.0964506156653,1,0,1,0,0,0
1121816,1178,144659,27,259984,37,54.7900002,5,0,5,0,25,25,0.210743738845,10.95800004,0.456287642065,1,0,1,0,0,0
1121817,1178,144660,28,606786,127,179.050001,11,3,14,300,55,355,0.29507932121,12.7892857857,1.98268638937,1,0,1,0,0,0
1121818,1178,144660,28,83270,13,17.74000001,1,0,1,0,5,5,0.213041911973,17.74000001,0.281848928815,1,0,1,0,0,0
1121819,1178,144660,28,1189509,268,375.7199963,7,3,10,300,35,335,0.31586141534,37.57199963,0.891621428987,1,0,1,0,0,0
1121820,1178,144660,28,11471,1,1.570000052,0,0,0,0,0,0,0.136866886235,inf,0.0,1,0,1,0,0,0
1121824,1178,144661,29,1705246,295,429.4799981,23,10,33,1000,115,1115,0.251858088569,13.014545397,2.59616281301,1,0,1,0,0,0
1121826,1178,144661,29,418016,63,95.8500005,3,1,4,100,15,115,0.229297444356,23.962500125,1.19979133438,1,0,1,0,0,0
1121827,1178,144661,29,30155,3,3.819999933,1,0,1,0,5,5,0.126678823843,3.819999933,1.30890054652,1,0,1,0,0,0
1121828,1178,144661,29,990404,153,226.5399992,12,6,18,600,60,660,0.228734939681,12.5855555111,2.91339278861,1,0,1,0,0,0
1121829,1178,144662,30,187468,34,50.72000062,2,1,3,100,10,110,0.270552844325,16.9066668733,2.16876968958,1,0,1,0,0,0
1121832,1178,144662,30,208301,33,54.57000089,1,0,1,0,5,5,0.26197666305,54.57000089,0.0916254337265,1,0,1,0,0,0
1121833,1178,144662,30,101856,16,25.22000039,4,1,5,100,20,120,0.247604465029,5.044000078,4.75812839589,1,0,1,0,0,0
1121835,1178,144663,31,48935,7,9.970000267,1,1,2,100,5,105,0.2037396601,4.9850001335,10.5315945023,1,0,1,0,0,0
1121839,1178,144663,31,13911,1,1.730000019,1,1,2,100,5,105,0.124362017037,0.8650000095,60.6936409519,1,0,1,0,0,0
1121841,1178,144664,32,511726,77,123.0900019,8,4,12,400,40,440,0.240538885849,10.2575001583,3.57462014143,1,0,1,0,0,0
1121843,1178,144664,32,177452,24,37.83000016,2,0,2,0,10,10,0.213184411334,18.91500008,0.264340469408,1,0,1,0,0,0
1121844,1178,144664,32,149808,20,33.03999937,1,1,2,100,5,105,0.220548965142,16.519999685,3.17796616229,1,0,1,0,0,0
1121845,1178,144664,32,390339,60,105.0199997,9,6,15,600,45,645,0.269048185552,7.00133331333,6.1416873152,1,0,1,0,0,0
1121846,1178,144664,32,8350,0,0.0,1,0,1,0,5,5,0.0,0.0,inf,1,0,1,0,0,0
1121847,1178,144665,36,39339,4,5.929999948,1,0,1,0,5,5,0.15074099362,5.929999948,0.843170327798,1,0,1,0,0,0
1121854,1178,144666,63,8587,0,0.0,1,0,1,0,5,5,0.0,0.0,inf,1,0,1,0,0,0
1121855,1178,144666,63,24893,2,3.75,1,0,1,0,5,5,0.150644759571,3.75,1.33333333333,1,0,1,0,0,0
1121856,1178,144666,63,1296189,212,343.2599944,14,4,18,400,70,470,0.264822486844,19.0699996889,1.36922451689,1,0,1,0,0,0
1121857,1178,144666,63,91607,12,19.1899997,2,1,3,100,10,110,0.209481804884,6.39666656667,5.7321522522,1,0,1,0,0,0
1121859,1178,144667,64,238036,38,61.02999771,6,3,9,300,30,330,0.256389780159,6.78111085667,5.40717700119,1,0,1,0,0,0
1121860,1178,144667,64,254344,35,56.16999996,2,1,3,100,10,110,0.220842638159,18.72333332,1.95834075269,1,0,1,0,0,0
1121861,1178,144667,64,157705,23,39.23000026,2,0,2,0,10,10,0.248755589614,19.61500013,0.254906957271,1,0,1,0,0,0
1121862,1178,144667,64,411571,60,99.1799984,6,1,7,100,30,130,0.240979073841,14.1685712,1.31074815585,1,0,1,0,0,0
1121863,1178,144667,64,94136,11,16.17999971,1,0,1,0,5,5,0.171878980518,16.17999971,0.309023491324,1,0,1,0,0,0
1121867,1178,144668,65,82640,16,23.97000039,1,1,2,100,5,105,0.290053247701,11.985000195,4.38047552322,1,0,1,0,0,0
1121869,1178,144668,65,17870,2,2.620000005,1,1,2,100,5,105,0.146614437885,1.3100000025,40.0763358014,1,0,1,0,0,0
1121871,1178,144669,2,19178,2,2.779999971,1,1,2,100,5,105,0.144957762593,1.3899999855,37.7697845667,1,0,1,0,0,0
1121873,1178,144669,2,5264,0,0.0,1,0,1,0,5,5,0.0,0.0,inf,1,0,1,0,0,0
1121874,1178,144669,2,145548,28,42.37000036,2,1,3,100,10,110,0.29110671641,14.1233334533,2.59617651795,1,0,1,0,0,0
1121876,1178,144669,2,82455,15,22.04999971,1,0,1,0,5,5,0.267418588442,22.04999971,0.226757372597,1,0,1,0,0,0
1121877,1178,144670,7,44189,7,10.31999981,2,0,2,0,10,10,0.233542279979,5.159999905,0.968992265902,1,0,1,0,0,0
1121878,1178,144670,7,45199,7,9.809999943,1,0,1,0,5,5,0.217040198743,9.809999943,0.509683998884,1,0,1,0,0,0
1121881,1178,144670,7,221843,43,63.45000076,5,0,5,0,25,25,0.286013084749,12.690000152,0.394011027589,1,0,1,0,0,0
1121888,1178,144671,66,41672,6,10.54999995,2,1,3,100,10,110,0.253167593348,3.51666665,10.4265403338,1,0,1,0,0,0
1121889,1178,144672,10,127546,25,38.94000041,2,0,2,0,10,10,0.305301619886,19.470000205,0.256805338847,1,0,0,1,0,0
1121890,1178,144672,10,127865,28,38.02999961,3,1,4,100,15,115,0.297423060337,9.5074999025,3.02392850853,1,0,0,1,0,0
1121891,1178,144672,10,1025327,229,314.2999983,16,2,18,200,80,280,0.30653635211,17.4611110167,0.890868601701,1,0,0,1,0,0
1121894,1178,144672,10,561415,124,173.76,3,0,3,0,15,15,0.309503664847,57.92,0.0863259668508,1,0,0,1,0,0
1121895,1178,144673,15,132803,25,37.32000124,2,1,3,100,10,110,0.28101775743,12.4400004133,2.94748114537,1,0,0,1,0,0
1121897,1178,144673,15,24664,2,2.629999995,1,1,2,100,5,105,0.106633149327,1.3149999975,39.9239544485,1,0,0,1,0,0
1121901,1178,144674,16,1020561,172,263.8100007,7,3,10,300,35,335,0.258495083292,26.38100007,1.26985330014,1,0,0,1,0,0
1121902,1178,144674,16,682143,114,177.1099993,6,2,8,200,30,230,0.259637640935,22.1387499125,1.29862797645,1,0,0,1,0,0
1121903,1178,144674,16,1247717,222,343.4199994,11,4,15,400,55,455,0.275238695473,22.8946666267,1.3249082779,1,0,0,1,0,0
1121904,1178,144674,16,146406,23,33.22999942,1,1,2,100,5,105,0.226971568242,16.61499971,3.15979542078,1,0,0,1,0,0
1121905,1178,144674,16,905699,161,234.6599982,4,1,5,100,20,120,0.259092698788,46.93199964,0.511378168075,1,0,0,1,0,0
1121906,1178,144674,16,1184580,194,297.8299981,14,3,17,300,70,370,0.251422443482,17.5194116529,1.2423194519,1,0,0,1,0,0
1121907,1178,144675,18,98057,20,31.00999963,1,1,2,100,5,105,0.31624462945,15.504999815,3.38600455507,1,0,0,1,0,0
1121917,1178,144676,19,238735,56,84.65999889,4,1,5,100,20,120,0.354619133726,16.931999778,1.41743446224,1,0,0,1,0,0
1121918,1178,144676,19,320657,77,115.8800026,2,0,2,0,10,10,0.361383043564,57.9400013,0.0862961665139,1,0,0,1,0,0
1121925,1178,144678,21,244074,57,84.51000023,4,2,6,200,20,220,0.346247450486,14.0850000383,2.60324221277,1,0,0,1,0,0
1121928,1178,144678,21,39146,8,13.05999959,1,0,1,0,5,5,0.333622837327,13.05999959,0.382848404056,1,0,0,1,0,0
1121931,1178,144679,22,78468,15,23.64999962,1,0,1,0,5,5,0.301396742876,23.64999962,0.211416493883,1,0,0,1,0,0
1121933,1178,144679,22,325653,63,89.35000026,2,0,2,0,10,10,0.274371801457,44.67500013,0.111919417693,1,0,0,1,0,0
1121935,1178,144679,22,66277,12,17.30000019,1,0,1,0,5,5,0.261025698055,17.30000019,0.289017337866,1,0,0,1,0,0
1121936,1178,144679,22,93002,16,23.33999968,1,0,1,0,5,5,0.250962341455,23.33999968,0.214224510221,1,0,0,1,0,0
1121944,1178,144681,24,109723,27,40.9600004,1,0,1,0,5,5,0.373303686556,40.9600004,0.122070311308,1,0,0,1,0,0
1121948,1178,144681,24,118941,35,50.11000001,4,1,5,100,20,120,0.421301317544,10.022000002,2.39473159002,1,0,0,1,0,0
1121949,1178,144682,25,221576,47,66.79000068,6,1,7,100,30,130,0.301431566054,9.54142866857,1.94639914173,1,0,0,1,0,0
1121953,1178,144682,25,8341,1,1.639999986,1,0,1,0,5,5,0.19661910874,1.639999986,3.04878051383,1,0,0,1,0,0
1121954,1178,144682,25,120335,26,36.2299993,2,0,2,0,10,10,0.301076156563,18.11499965,0.276014358079,1,0,0,1,0,0
1121955,1178,144683,26,182098,40,62.86999989,1,1,2,100,5,105,0.345253654021,31.434999945,1.67011293437,1,0,0,1,0,0
1121956,1178,144683,26,227473,52,71.58000052,1,1,2,100,5,105,0.314674710933,35.79000026,1.46689018213,1,0,0,1,0,0
1121962,1178,144684,27,1050947,230,350.5099957,6,1,7,100,30,130,0.333518241833,50.0728565286,0.370888138983,1,0,0,1,0,0
1121963,1178,144684,27,720859,162,213.6899986,13,5,18,500,65,565,0.296437997722,11.8716665889,2.64401705134,1,0,0,1,0,0
1121971,1178,144685,28,41111,8,10.96000016,1,0,1,0,5,5,0.266595319014,10.96000016,0.456204372902,1,0,0,1,0,0
1121973,1178,144686,29,148616,25,37.39999962,6,4,10,400,30,430,0.251655270092,3.739999962,11.49732632,1,0,0,1,0,0
1121976,1178,144686,29,707260,135,210.8200028,13,6,19,600,65,665,0.298079917993,11.0957896211,3.1543496403,1,0,0,1,0,0
1121977,1178,144686,29,139596,26,42.41000032,1,1,2,100,5,105,0.303805268919,21.20500016,2.47583115321,1,0,0,1,0,0
1121983,1178,144687,30,105399,22,33.19999933,2,0,2,0,10,10,0.31499349453,16.599999665,0.301204825356,1,0,0,1,0,0
1121994,1178,144689,32,222378,50,72.91000104,1,0,1,0,5,5,0.327865171195,72.91000104,0.0685776975542,1,0,0,1,0,0
1122003,1178,144691,63,975792,210,293.8800011,10,4,14,400,50,450,0.301170742433,20.99142865,1.53123723396,1,0,0,1,0,0
1122004,1178,144691,63,579150,125,167.0499997,5,1,6,100,25,125,0.288439954589,27.8416666167,0.74827895974,1,0,0,1,0,0
1122005,1178,144691,63,449588,81,123.800001,5,2,7,200,25,225,0.275363223663,17.6857144286,1.81744748128,1,0,0,1,0,0
1122006,1178,144691,63,318157,56,85.70000196,3,0,3,0,15,15,0.269363873685,28.56666732,0.175029167526,1,0,0,1,0,0
1122007,1178,144691,63,196967,43,65.17999971,2,1,3,100,10,110,0.330918375718,21.72666657,1.68763425114,1,0,0,1,0,0
1122011,1178,144692,64,158298,37,46.43000007,4,1,5,100,20,120,0.293307559603,9.286000014,2.58453585654,1,0,0,1,0,0
1122012,1178,144692,64,222739,55,68.55999959,5,2,7,200,25,225,0.307804199489,9.79428565571,3.28179698579,1,0,0,1,0,0
1122022,1178,144694,2,20780,5,8.189999938,1,0,1,0,5,5,0.39412896718,8.189999938,0.610500615122,1,0,0,1,0,0
1122027,1178,144695,7,128616,33,48.54999948,2,0,2,0,10,10,0.377480247248,24.27499974,0.205973225687,1,0,0,1,0,0
1122039,1178,144697,10,258954,61,82.27999902,1,0,1,0,5,5,0.317739826456,82.27999902,0.0607681096202,1,0,0,0,1,0
1122040,1178,144697,10,205289,48,71.53000104,3,0,3,0,15,15,0.348435625094,23.84333368,0.209702219795,1,0,0,0,1,0
1122041,1178,144697,10,611601,138,191.419996,8,3,11,300,40,340,0.312981823117,17.4018178182,1.7761989714,1,0,0,0,1,0
1122043,1178,144697,10,947657,233,321.8700004,8,4,12,400,40,440,0.339648206471,26.8225000333,1.36701152469,1,0,0,0,1,0
1122044,1178,144697,10,233043,49,65.03000033,2,0,2,0,10,10,0.279047215879,32.515000165,0.153775179905,1,0,0,0,1,0
1122047,1178,144698,15,582725,142,194.8099988,9,2,11,200,45,245,0.33430863409,17.7099998909,1.25763565273,1,0,0,0,1,0
1122052,1178,144699,16,265038,51,78.45999932,2,1,3,100,10,110,0.296033019114,26.1533331067,1.40198828643,1,0,0,0,1,0
1122054,1178,144699,16,222273,39,53.62999868,6,1,7,100,30,130,0.241279861612,7.66142838286,2.42401646839,1,0,0,0,1,0
1122055,1178,144699,16,797234,170,243.7699978,4,1,5,100,20,120,0.305769695974,48.75399956,0.492267305587,1,0,0,0,1,0
1122056,1178,144699,16,925555,182,262.8899981,4,2,6,200,20,220,0.284034982362,43.8149996833,0.836851921298,1,0,0,0,1,0
1122058,1178,144700,18,22210,3,4.050000191,1,1,2,100,5,105,0.182350301261,2.0250000955,25.9259247032,1,0,0,0,1,0
1122075,1178,144703,21,46391,11,16.40999985,3,1,4,100,15,115,0.353732401759,4.1024999625,7.00792206284,1,0,0,0,1,0
1122078,1178,144703,21,190477,42,66.38999987,1,0,1,0,5,5,0.348546017997,66.38999987,0.0753125472178,1,0,0,0,1,0
1122079,1178,144703,21,25382,7,9.609999895,1,0,1,0,5,5,0.378614762233,9.609999895,0.520291368848,1,0,0,0,1,0
1122085,1178,144704,22,65726,17,22.12000012,2,0,2,0,10,10,0.336548704014,11.06000006,0.452079563551,1,0,0,0,1,0
1122089,1178,144705,23,195220,51,78.06000042,1,0,1,0,5,5,0.399856574224,78.06000042,0.0640532919946,1,0,0,0,1,0
1122092,1178,144705,23,107501,27,40.87999928,2,2,4,200,10,210,0.380275525623,10.21999982,5.13698639185,1,0,0,0,1,0
1122101,1178,144707,25,197772,63,88.21000016,7,2,9,200,35,235,0.446018648545,9.80111112889,2.66409703632,1,0,0,0,1,0
1122102,1178,144707,25,138154,35,48.93999863,1,0,1,0,5,5,0.354242357297,48.93999863,0.10216592031,1,0,0,0,1,0
1122103,1178,144707,25,270124,69,95.84999895,2,0,2,0,10,10,0.354837033918,47.924999475,0.104329682937,1,0,0,0,1,0
1122105,1178,144708,26,303971,77,106.9299998,11,6,17,600,55,655,0.351776978067,6.28999998824,6.12550267675,1,0,0,0,1,0
1122107,1178,144708,26,682046,183,254.419997,4,2,6,200,20,220,0.373024688951,42.4033328333,0.864711903915,1,0,0,0,1,0
1122109,1178,144708,26,328365,83,117.3400005,2,1,3,100,10,110,0.357346247316,39.1133335,0.937446731986,1,0,0,0,1,0
1122112,1178,144709,27,1083259,276,390.2599992,11,0,11,0,55,55,0.360264718964,35.4781817455,0.140931686857,1,0,0,0,1,0
1122113,1178,144709,27,913929,245,340.4099993,7,2,9,200,35,235,0.372468757748,37.8233332556,0.690343998364,1,0,0,0,1,0
1122118,1178,144710,28,101586,24,33.47000039,2,1,3,100,10,110,0.329474537732,11.1566667967,3.28652520819,1,0,0,0,1,0
1122120,1178,144710,28,181053,46,66.27999985,3,1,4,100,15,115,0.366080649589,16.5699999625,1.73506337146,1,0,0,0,1,0
1122121,1178,144710,28,133419,35,48.18000007,2,1,3,100,10,110,0.361117982221,16.0600000233,2.28310501951,1,0,0,0,1,0
1122125,1178,144711,29,489573,113,156.1199993,3,2,5,200,15,215,0.318890133443,31.22399986,1.37714579147,1,0,0,0,1,0
1122127,1178,144711,29,822023,194,288.3300035,6,0,6,0,30,30,0.350756613258,48.0550005833,0.104047444372,1,0,0,0,1,0
1122131,1178,144712,30,93176,29,40.37000024,1,1,2,100,5,105,0.433266079677,20.18500012,2.60094127758,1,0,0,0,1,0
1122138,1178,144713,31,47229,13,19.27999985,1,0,1,0,5,5,0.408223757649,19.27999985,0.259336101603,1,0,0,0,1,0
1122139,1178,144713,31,92263,24,34.03000015,1,0,1,0,5,5,0.368836913497,34.03000015,0.146929179488,1,0,0,0,1,0
1122140,1178,144713,31,81551,21,29.67000008,1,0,1,0,5,5,0.363821413349,29.67000008,0.168520390513,1,0,0,0,1,0
1122145,1178,144714,32,141037,32,47.78999913,3,0,3,0,15,15,0.33884724668,15.92999971,0.313873200943,1,0,0,0,1,0
1122146,1178,144714,32,319501,79,111.6500003,0,0,0,0,0,0,0.349451176366,inf,0.0,1,0,0,0,1,0
1122149,1178,144715,36,72741,19,24.33000016,2,0,2,0,10,10,0.334474370163,12.16500008,0.41101520486,1,0,0,0,1,0
1122154,1178,144716,63,597419,135,188.5100002,2,1,3,100,10,110,0.315540684511,62.8366667333,0.583523419889,1,0,0,0,1,0
1122157,1178,144716,63,98768,21,33.14000034,1,1,2,100,5,105,0.335533779564,16.57000017,3.16837655168,1,0,0,0,1,0
1122160,1178,144717,64,173165,41,59.85000026,1,0,1,0,5,5,0.345624117229,59.85000026,0.0835421884424,1,0,0,0,1,0
1122165,1178,144718,65,55823,13,21.10999966,1,1,2,100,5,105,0.378159533884,10.55499983,4.97394607727,1,0,0,0,1,0
1122166,1178,144718,65,118451,28,38.35000062,4,1,5,100,20,120,0.323762573722,7.670000124,3.12907426493,1,0,0,0,1,0
1122176,1178,144719,2,74424,22,30.84000027,1,1,2,100,5,105,0.4143824609,15.420000135,3.40466923089,1,0,0,0,1,0
1122177,1178,144720,7,47929,12,14.58999991,1,1,2,100,5,105,0.304408602516,7.294999955,7.19671011979,1,0,0,0,1,0
1122182,1178,144720,7,40801,12,15.91999972,0,0,0,0,0,0,0.390186508174,inf,0.0,1,0,0,0,1,0
1122183,1178,144721,66,66017,17,24.22000015,1,0,1,0,5,5,0.366875201085,24.22000015,0.206440956608,1,0,0,0,1,0
1122189,1178,144722,10,725043,179,238.4000007,5,3,8,300,25,325,0.328808085451,29.8000000875,1.36325502955,1,0,0,0,0,1
1122191,1178,144722,10,382776,97,132.7300007,5,1,6,100,25,125,0.346756329289,22.1216667833,0.941761465688,1,0,0,0,0,1
1122192,1178,144722,10,548250,137,201.6000042,5,1,6,100,25,125,0.367715465937,33.6000007,0.620039669622,1,0,0,0,0,1
1122193,1178,144722,10,1358324,346,465.0799981,8,2,10,200,40,240,0.342392535286,46.50799981,0.516040253248,1,0,0,0,0,1
1122197,1178,144723,15,662249,163,234.9399992,2,0,2,0,10,10,0.354760821383,117.4699996,0.0425640590536,1,0,0,0,0,1
1122200,1178,144723,15,559554,139,195.0799994,2,0,2,0,10,10,0.348634804505,97.5399997,0.0512610212772,1,0,0,0,0,1
1122201,1178,144724,16,320757,68,104.6899989,2,0,2,0,10,10,0.326384144072,52.34499945,0.0955201079862,1,0,0,0,0,1
1122202,1178,144724,16,906151,202,295.5499957,1,0,1,0,5,5,0.326159763329,295.5499957,0.0169176114794,1,0,0,0,0,1
1122203,1178,144724,16,699314,164,226.0300014,3,0,3,0,15,15,0.323216754419,75.3433338,0.0663628717741,1,0,0,0,0,1
1122204,1178,144724,16,850337,198,287.690003,3,1,4,100,15,115,0.338324691269,71.92250075,0.39973582259,1,0,0,0,0,1
1122205,1178,144724,16,1015460,247,315.9000051,9,2,11,200,45,245,0.31109054527,28.7181822818,0.775561874152,1,0,0,0,0,1
1122209,1178,144725,18,890295,227,332.9899989,1,0,1,0,5,5,0.374022092565,332.9899989,0.0150154659795,1,0,0,0,0,1
1122210,1178,144725,18,791817,194,282.490001,4,2,6,200,20,220,0.356761727773,47.0816668333,0.778788626929,1,0,0,0,0,1
1122211,1178,144725,18,317601,76,115.6600008,1,0,1,0,5,5,0.364167621638,115.6600008,0.0432301570588,1,0,0,0,0,1
1122212,1178,144725,18,685211,164,247.3200026,4,3,7,300,20,320,0.360939918653,35.3314289429,1.2938702759,1,0,0,0,0,1
1122213,1178,144726,19,32781,7,11.20000017,2,2,4,200,10,210,0.341661333394,2.8000000425,18.7499997154,1,0,0,0,0,1
1122216,1178,144726,19,76785,19,25.45999998,3,0,3,0,15,15,0.331575177183,8.48666666,0.589159466292,1,0,0,0,0,1
1122217,1178,144726,19,719083,206,299.5299983,12,5,17,500,60,560,0.416544402107,17.6194116647,1.86959571054,1,0,0,0,0,1
1122223,1178,144727,20,368480,107,140.4200011,5,4,9,400,25,425,0.381079030341,15.6022223444,3.02663435886,1,0,0,0,0,1
1122224,1178,144727,20,260945,73,100.8800011,2,2,4,200,10,210,0.38659488053,25.220000275,2.08168118269,1,0,0,0,0,1
1122225,1178,144728,21,40998,10,13.35000038,1,0,1,0,5,5,0.325625649544,13.35000038,0.374531824545,1,0,0,0,0,1
1122227,1178,144728,21,183293,53,73.74999964,2,1,3,100,10,110,0.402361244783,24.5833332133,1.49152543101,1,0,0,0,0,1
1122232,1178,144729,22,221561,55,76.75999916,1,0,1,0,5,5,0.346450860756,76.75999916,0.0651380934695,1,0,0,0,0,1
1122233,1178,144729,22,436943,109,145.8199974,1,1,2,100,5,105,0.333727734281,72.9099987,0.72006584743,1,0,0,0,0,1
1122240,1178,144730,23,284488,90,125.2700011,1,1,2,100,5,105,0.440334921332,62.63500055,0.838189503297,1,0,0,0,0,1
1122244,1178,144731,24,85083,32,38.62999976,1,1,2,100,5,105,0.454027241165,19.31499988,2.7180947619,1,0,0,0,0,1
1122246,1178,144731,24,14167,5,7.139999986,1,0,1,0,5,5,0.503988140467,7.139999986,0.700280113418,1,0,0,0,0,1
1122249,1178,144732,25,300637,84,116.9899981,2,0,2,0,10,10,0.389140385581,58.49499905,0.0854773926182,1,0,0,0,0,1
1122253,1178,144732,25,449921,129,175.9700005,5,1,6,100,25,125,0.391113107634,29.3283334167,0.710348352815,1,0,0,0,0,1
1122254,1178,144732,25,282899,71,105.6600007,1,0,1,0,5,5,0.373490188018,105.6600007,0.0473215972636,1,0,0,0,0,1
1122257,1178,144733,26,669671,186,259.1799988,4,1,5,100,20,120,0.387025866134,51.83599976,0.462998690314,1,0,0,0,0,1
1122258,1178,144733,26,108655,28,46.92000186,1,0,1,0,5,5,0.431825519856,46.92000186,0.106564360652,1,0,0,0,0,1
1122260,1178,144733,26,536248,146,187.7399978,3,0,3,0,15,15,0.350099203727,62.5799992667,0.0798977318407,1,0,0,0,0,1
1122262,1178,144734,27,1055017,265,380.6599952,16,2,18,200,80,280,0.360809347338,21.1477775111,0.735564555064,1,0,0,0,0,1
1122265,1178,144734,27,1428421,367,541.7000023,10,0,10,0,50,50,0.379229934522,54.17000023,0.092302011792,1,0,0,0,0,1
1122266,1178,144734,27,1088027,272,409.5600026,9,4,13,400,45,445,0.376424484503,31.5046155846,1.08653188098,1,0,0,0,0,1
1122267,1178,144735,28,288517,78,102.3900002,3,0,3,0,15,15,0.354883768374,34.1300000667,0.146498681226,1,0,0,0,0,1
1122268,1178,144735,28,202231,53,67.13000107,3,1,4,100,15,115,0.331947135058,16.7825002675,1.71309396942,1,0,0,0,0,1
1122270,1178,144735,28,73222,16,22.86000025,1,0,1,0,5,5,0.312201254404,22.86000025,0.218722657276,1,0,0,0,0,1
1122271,1178,144735,28,348542,96,134.889999,2,0,2,0,10,10,0.387012179307,67.4449995,0.0741344804962,1,0,0,0,0,1
1122273,1178,144736,29,1097966,266,369.069997,16,8,24,800,80,880,0.336139732014,15.3779165417,2.38437154782,1,0,0,0,0,1
1122274,1178,144736,29,526923,138,198.0899972,2,1,3,100,10,110,0.375937275845,66.0299990667,0.555303152884,1,0,0,0,0,1
1122276,1178,144736,29,264386,66,91.00000054,4,1,5,100,20,120,0.344193718805,18.200000108,1.31868131086,1,0,0,0,0,1
1122277,1178,144736,29,854940,227,297.9100007,8,3,11,300,40,340,0.348457202494,27.0827273364,1.14128427781,1,0,0,0,0,1
1122279,1178,144737,30,113567,34,50.29000044,3,0,3,0,15,15,0.442822302606,16.76333348,0.298270031194,1,0,0,0,0,1
1122282,1178,144737,30,22859,6,9.419999838,1,0,1,0,5,5,0.412091510477,9.419999838,0.530785571761,1,0,0,0,0,1
1122288,1178,144738,31,51754,13,20.51999998,1,0,1,0,5,5,0.39649109209,20.51999998,0.243664717586,1,0,0,0,0,1
1122290,1178,144738,31,104347,28,38.13999993,4,3,7,300,20,320,0.365511226293,5.44857141857,8.39014159904,1,0,0,0,0,1
1122303,1178,144741,63,391998,97,142.0500025,3,1,4,100,15,115,0.362374304206,35.512500625,0.809574079381,1,0,0,0,0,1
1122304,1178,144741,63,1111156,282,402.3000026,5,0,5,0,25,25,0.362055375303,80.46000052,0.0621426791907,1,0,0,0,0,1
1122308,1178,144741,63,427772,117,159.299999,3,1,4,100,15,115,0.372394637798,39.82499975,0.721908353559,1,0,0,0,0,1
1122310,1178,144742,64,536457,136,193.6599991,2,1,3,100,10,110,0.360998177114,64.5533330333,0.568005785971,1,0,0,0,0,1
1122311,1178,144742,64,179894,43,66.83999872,2,0,2,0,10,10,0.371552129143,33.41999936,0.149611014236,1,0,0,0,0,1
1122312,1178,144742,64,479882,131,178.6700007,6,0,6,0,30,30,0.372320696963,29.77833345,0.167907314504,1,0,0,0,0,1
1122313,1178,144742,64,358261,91,130.3600011,1,0,1,0,5,5,0.363868802633,130.3600011,0.0383553233953,1,0,0,0,0,1
1122316,1178,144743,65,346688,88,114.8599998,2,0,2,0,10,10,0.331306534406,57.4299999,0.0870625110344,1,0,0,0,0,1
1314296,1178,179863,100,33445,2,3.199999928,1,0,1,0,5,5,0.0956794716101,3.199999928,1.56250003516,0,1,1,0,0,0
1314297,1178,179864,101,72228,5,7.529999852,4,4,8,400,20,420,0.104253196157,0.9412499815,55.7768935266,0,1,1,0,0,0
1314298,1178,179865,102,49699,2,2.690000057,2,1,3,100,10,110,0.0541258386889,0.896666685667,40.8921924421,0,1,1,0,0,0
1314299,1178,179866,103,189761,18,27.32999969,4,1,5,100,20,120,0.144023269745,5.465999938,4.39077941314,0,1,1,0,0,0
1314301,1178,179868,105,312524,37,53.78999972,2,0,2,0,10,10,0.172114780689,26.89499986,0.185908162336,0,1,1,0,0,0
1314303,1178,179870,107,496760,42,61.00999904,10,3,13,300,50,350,0.122815844754,4.69307684923,5.73676455511,0,1,1,0,0,0
1314306,1178,179873,110,310988,34,46.66999936,11,3,14,300,55,355,0.15007009711,3.33357138286,7.60659963292,0,1,1,0,0,0
1314307,1178,179874,111,98606,9,12.10999984,1,0,1,0,5,5,0.122811997647,12.10999984,0.412881921227,0,1,1,0,0,0
1314308,1178,179875,112,51104,2,3.199999928,3,1,4,100,15,115,0.0626174062304,0.799999982,35.9375008086,0,1,1,0,0,0
1314309,1178,179876,113,276762,22,32.09000015,5,1,6,100,25,125,0.115947999183,5.34833335833,3.89529446606,0,1,1,0,0,0
1314312,1178,179879,101,33534,2,2.960000038,1,1,2,100,5,105,0.0882686240234,1.480000019,35.4729725176,0,1,0,1,0,0
1314313,1178,179880,102,128859,16,23.69999957,1,0,1,0,5,5,0.183921957876,23.69999957,0.210970467963,0,1,0,1,0,0
1314314,1178,179881,103,92080,12,16.94000018,3,2,5,200,15,215,0.183970462424,3.388000036,12.6918534661,0,1,0,1,0,0
1314316,1178,179883,105,211882,33,46.64999926,3,1,4,100,15,115,0.220169713614,11.662499815,2.46516616987,0,1,0,1,0,0
1314318,1178,179885,107,112776,9,12.67999995,1,0,1,0,5,5,0.112435269472,12.67999995,0.394321768116,0,1,0,1,0,0
1314319,1178,179886,108,145324,14,19.82000005,2,1,3,100,10,110,0.136384905797,6.60666668333,5.54994953191,0,1,0,1,0,0
1314320,1178,179887,109,106492,14,21.26000023,2,0,2,0,10,10,0.199639411693,10.630000115,0.470366881083,0,1,0,1,0,0
1314321,1178,179888,110,233845,30,40.73000062,3,0,3,0,15,15,0.174175204174,13.5766668733,0.368278904288,0,1,0,1,0,0
1314323,1178,179890,112,155426,17,25.01000023,3,0,3,0,15,15,0.160912590107,8.33666674333,0.599760090446,0,1,0,1,0,0
1314324,1178,179891,113,97540,8,11.5199995,2,1,3,100,10,110,0.118105387533,3.83999983333,9.54861152555,0,1,0,1,0,0
1314325,1178,179892,114,61441,5,7.700000048,1,0,1,0,5,5,0.125323481844,7.700000048,0.649350645303,0,1,0,1,0,0
1314326,1178,179893,100,76703,9,12.14999962,3,1,4,100,15,115,0.158403186577,3.037499905,9.46502087216,0,1,0,0,1,0
1314327,1178,179894,101,68619,10,14.96000034,1,0,1,0,5,5,0.218015423425,14.96000034,0.334224591334,0,1,0,0,1,0
1314330,1178,179897,104,17559,1,1.49000001,1,1,2,100,5,105,0.0848567691782,0.745000005,70.4697981848,0,1,0,0,1,0
1314331,1178,179898,105,137879,19,28.47000003,2,0,2,0,10,10,0.206485396833,14.235000015,0.351246926219,0,1,0,0,1,0
1314332,1178,179899,106,67710,10,15.14999998,1,0,1,0,5,5,0.223748338207,15.14999998,0.330033003736,0,1,0,0,1,0
1314333,1178,179900,107,348180,41,60.22999907,3,1,4,100,15,115,0.17298523485,15.0574997675,1.90934753073,0,1,0,0,1,0
1314334,1178,179901,108,146246,18,28.71999955,3,1,4,100,15,115,0.196381436415,7.1799998875,4.00417833572,0,1,0,0,1,0
1314336,1178,179903,110,187236,24,34.86999965,2,2,4,200,10,210,0.186235551123,8.7174999125,6.02236885884,0,1,0,0,1,0
1314337,1178,179904,111,72157,9,13.50000036,1,1,2,100,5,105,0.187092040412,6.75000018,7.77777757037,0,1,0,0,1,0
1314338,1178,179905,112,91180,10,13.55999994,1,0,1,0,5,5,0.148716823207,13.55999994,0.368731565053,0,1,0,0,1,0
1314339,1178,179906,113,86293,6,9.259999871,1,1,2,100,5,105,0.107308818456,4.6299999355,11.3390930305,0,1,0,0,1,0
1314341,1178,179908,100,101410,12,17.94000006,4,0,4,0,20,20,0.1769056312,4.485000015,1.11482719806,0,1,0,0,0,1
1314343,1178,179910,102,134245,18,25.75000024,2,1,3,100,10,110,0.19181347715,8.58333341333,4.27184462038,0,1,0,0,0,1
1314345,1178,179912,104,125650,20,30.08000076,4,0,4,0,20,20,0.239395151293,7.52000019,0.664893600222,0,1,0,0,0,1
1314346,1178,179913,105,50406,5,7.26000011,1,1,2,100,5,105,0.144030474745,3.630000055,14.4628096982,0,1,0,0,0,1
1314348,1178,179915,107,121769,13,18.41999996,2,1,3,100,10,110,0.151270027347,6.13999998667,5.97176982839,0,1,0,0,0,1
1314349,1178,179916,108,267106,34,50.5,4,1,5,100,20,120,0.189063517854,10.1,2.37623762376,0,1,0,0,0,1
1314350,1178,179917,109,365539,57,82.13999915,5,2,7,200,25,225,0.224709262623,11.7342855929,2.73922574054,0,1,0,0,0,1
1314351,1178,179918,110,188758,25,36.60000038,2,1,3,100,10,110,0.193899068543,12.2000001267,3.00546444967,0,1,0,0,0,1
1314353,1178,179920,112,108426,13,19.58000016,1,0,1,0,5,5,0.180583994245,19.58000016,0.255362612826,0,1,0,0,0,1
1314354,1178,179921,113,138525,9,13.65000045,3,0,3,0,15,15,0.0985381732539,4.55000015,1.09890106267,0,1,0,0,0,1
1314355,1178,179922,114,150858,21,30.26000011,1,0,1,0,5,5,0.200585982248,30.26000011,0.165234632578,0,1,0,0,0,1
1314357,1178,179924,101,524306,81,113.6800029,10,4,14,400,50,450,0.216819954187,8.12000020714,3.95847984272,1,0,1,0,0,0
1314358,1178,179925,102,104496,9,11.42999983,3,2,5,200,15,215,0.109382175681,2.285999966,18.8101490112,1,0,1,0,0,0
1314359,1178,179926,103,452519,68,99.52000237,7,2,9,200,35,235,0.219924472497,11.0577780411,2.36133434891,1,0,1,0,0,0
1314360,1178,179927,104,442919,76,110.7800021,21,2,23,200,105,305,0.250113456637,4.81652183043,2.75320449737,1,0,1,0,0,0
1314361,1178,179928,105,596831,86,120.8799992,11,0,11,0,55,55,0.20253639506,10.9890908364,0.454996693944,1,0,1,0,0,0
1314362,1178,179929,106,173912,26,35.54000032,2,1,3,100,10,110,0.204356227977,11.8466667733,3.09510408018,1,0,1,0,0,0
1314363,1178,179930,107,780967,86,119.6400018,20,4,24,400,100,500,0.153194695551,4.985000075,4.17920421663,1,0,1,0,0,0
1314364,1178,179931,108,132124,8,11.18999994,4,0,4,0,20,20,0.0846931665708,2.797499985,1.78731010789,1,0,1,0,0,0
1314365,1178,179932,109,623137,100,138.9200006,12,1,13,100,60,160,0.222936530169,10.6861538923,1.15174200482,1,0,1,0,0,0
1314366,1178,179933,110,99020,10,14.48000044,4,1,5,100,20,120,0.146233088669,2.896000088,8.28729256586,1,0,1,0,0,0
1314367,1178,179934,111,665817,117,163.8000002,23,9,32,900,115,1015,0.246013544563,5.11875000625,6.19658118902,1,0,1,0,0,0
1314368,1178,179935,112,699232,80,111.9899995,12,3,15,300,60,360,0.160161433544,7.46599996667,3.21457274406,1,0,1,0,0,0
1314371,1178,179938,100,72982,11,15.04999995,1,0,1,0,5,5,0.206215230468,15.04999995,0.332225914725,1,0,0,1,0,0
1314372,1178,179939,101,975884,167,237.3199975,14,3,17,300,70,370,0.243184638236,13.9599998529,1.55907636903,1,0,0,1,0,0
1314373,1178,179940,102,245607,33,47.87999952,3,1,4,100,15,115,0.194945581844,11.96999988,2.40183795223,1,0,0,1,0,0
1314377,1178,179944,106,485369,114,164.6400015,3,0,3,0,15,15,0.339205844419,54.8800005,0.0911078708901,1,0,0,1,0,0
1314378,1178,179945,107,866355,139,200.8299961,11,5,16,500,55,555,0.23181028112,12.5518747562,2.76353139858,1,0,0,1,0,0
1314379,1178,179946,108,502710,72,105.2199969,8,2,10,200,40,240,0.209305557677,10.52199969,2.28093525063,1,0,0,1,0,0
1314380,1178,179947,109,475184,88,127.3200028,4,1,5,100,20,120,0.267938320314,25.46400056,0.942507048076,1,0,0,1,0,0
1314381,1178,179948,110,357401,47,68.67000008,8,1,9,100,40,140,0.192137123511,7.63000000889,2.03873598132,1,0,0,1,0,0
1314382,1178,179949,111,99810,14,20.05000019,2,0,2,0,10,10,0.200881677086,10.025000095,0.498753112481,1,0,0,1,0,0
1314383,1178,179950,112,81569,6,9.409999967,3,1,4,100,15,115,0.115362453469,2.35249999175,12.2210414881,1,0,0,1,0,0
1314384,1178,179951,113,441192,53,77.59999979,6,2,8,200,30,230,0.17588714163,9.69999997375,2.96391753379,1,0,0,1,0,0
1314385,1178,179952,114,90470,11,16.73000002,1,1,2,100,5,105,0.184923179175,8.36500001,6.27615062011,1,0,0,1,0,0
1314386,1178,179953,100,834243,166,246.7499975,18,7,25,700,90,790,0.295777126689,9.8699999,3.2016211064,1,0,0,0,1,0
1314387,1178,179954,101,696612,152,223.1899948,31,9,40,900,155,1055,0.320393554518,5.57974987,4.7269143984,1,0,0,0,1,0
1314388,1178,179955,102,329333,48,67.60999918,1,0,1,0,5,5,0.205293727565,67.60999918,0.073953558063,1,0,0,0,1,0
1314389,1178,179956,103,1114711,224,319.0000019,6,0,6,0,30,30,0.286172830357,53.1666669833,0.0940438865872,1,0,0,0,1,0
1314390,1178,179957,104,267316,58,82.92999887,3,0,3,0,15,15,0.310232080646,27.6433329567,0.18087543958,1,0,0,0,1,0
1314391,1178,179958,105,228629,38,57.0,2,0,2,0,10,10,0.249312204488,28.5,0.175438596491,1,0,0,0,1,0
1314392,1178,179959,106,758340,159,233.110002,13,4,17,400,65,465,0.307395102461,13.7123530588,1.99476640217,1,0,0,0,1,0
1314393,1178,179960,107,877535,149,217.7799966,5,2,7,200,25,225,0.248172433692,31.1114280857,1.03315273906,1,0,0,0,1,0
1314394,1178,179961,108,1357386,223,323.0600071,10,1,11,100,50,150,0.238001575897,29.3690915545,0.464310025083,1,0,0,0,1,0
1314395,1178,179962,109,280240,61,87.99000168,2,2,4,200,10,210,0.313980879532,21.99750042,2.3866347993,1,0,0,0,1,0
1314396,1178,179963,110,419922,75,105.4500008,3,1,4,100,15,115,0.251118066689,26.3625002,1.09056424019,1,0,0,0,1,0
1314397,1178,179964,111,402975,83,120.8999977,1,0,1,0,5,5,0.300018605869,120.8999977,0.0413564937562,1,0,0,0,1,0
1314398,1178,179965,112,1137635,211,301.0499992,30,10,40,1000,150,1150,0.264627933564,7.52624998,3.81996347137,1,0,0,0,1,0
1314400,1178,179967,114,250234,40,62.31999922,4,1,5,100,20,120,0.249046888992,12.463999844,1.92554559535,1,0,0,0,1,0
1314401,1178,179968,100,904907,195,279.219995,11,1,12,100,55,155,0.308562089806,23.2683329167,0.555117838176,1,0,0,0,0,1
1314402,1178,179969,101,589270,107,158.0500023,10,4,14,400,50,450,0.268213216862,11.2892858786,2.84720021165,1,0,0,0,0,1
1314403,1178,179970,102,168714,24,36.01000071,2,2,4,200,10,210,0.213438130268,9.0025001775,5.83171329796,1,0,0,0,0,1
1314404,1178,179971,103,71982,11,16.34000051,1,0,1,0,5,5,0.227001201828,16.34000051,0.305997542469,1,0,0,0,0,1
1314405,1178,179972,104,558666,110,162.6399975,14,5,19,500,70,570,0.291122061303,8.55999986842,3.50467295107,1,0,0,0,0,1
1314406,1178,179973,105,1118200,235,333.7499943,11,4,15,400,55,455,0.298470751476,22.24999962,1.36329590343,1,0,0,0,0,1
1314407,1178,179974,106,107100,23,33.71000051,1,0,1,0,5,5,0.314752572456,33.71000051,0.14832393724,1,0,0,0,0,1
1314408,1178,179975,107,877769,160,232.5900005,13,4,17,400,65,465,0.264978599723,13.6817647353,1.99922610173,1,0,0,0,0,1
1314409,1178,179976,108,212508,33,47.69000006,4,1,5,100,20,120,0.224415081126,9.538000012,2.51625078316,1,0,0,0,0,1
1314410,1178,179977,109,1129773,252,358.189997,13,2,15,200,65,265,0.317045987999,23.8793331333,0.739830822244,1,0,0,0,0,1
1314411,1178,179978,110,637549,120,173.8800035,3,0,3,0,15,15,0.272731983738,57.9600011667,0.0862663888778,1,0,0,0,0,1
1314412,1178,179979,111,151531,28,40.28999949,2,0,2,0,10,10,0.265886184939,20.144999745,0.248200549183,1,0,0,0,0,1
1314414,1178,179981,113,790253,135,198.7100005,8,2,10,200,40,240,0.251451118186,19.87100005,1.20779024405,1,0,0,0,0,1
1314415,1178,179982,114,513161,114,165.6099987,5,2,7,200,25,225,0.322725224052,23.6585712429,1.35861362095,1,0,0,0,0,1
